{"Loss/Im_loss": 0.4987744092941284, "_timestamp": 1741270532.1484997, "Grad/Im_grad_norm": 1.8632475137710571, "_runtime": 349.1379156112671, "_step": 28877, "_wandb": {"runtime": 371}}