{"_wandb": {"runtime": 91}, "Loss/Im_loss": 1.4905433654785156, "_timestamp": 1741280674.9176848, "Grad/Im_grad_norm": Infinity, "_runtime": 65.35158586502075, "_step": 4609}