{"Loss/Im_loss": 0.8535155653953552, "_timestamp": 1741269793.2481787, "Grad/Im_grad_norm": 4.537181854248047, "_runtime": 175.4240918159485, "_step": 14185, "_wandb": {"runtime": 218}}