{"Loss/Im_loss": 0.0720868930220604, "_timestamp": 1741281943.465386, "Grad/Im_grad_norm": 0.7017205953598022, "_runtime": 1044.6905238628387, "_step": 75166, "_wandb": {"runtime": 1096}}