{"Perf/Reward": -4117.536565810442, "_timestamp": 1740981622.759267, "Perf/Valid_rate": 0.9604108146067416, "Perf/Episode_length": 356.0, "Perf/Final_goals": 0.0, "Perf/switch_goals": 0.0625, "Perf/Num_dynamic_collide": 392.25, "Perf/Num_agent_collide": 252.5, "Perf/Diff_collide": 40.625, "Perf/switch_Diff_collide": 137.25, "Perf/Team_better": 0.0, "Perf/switch_Team_better": 0.0, "Perf/Real_reward": -2664.6000000000026, "Perf/Num_collide": 644.75, "Loss/all_loss": 8.461801528930664, "Loss/policy_loss": 0.00870865024626255, "Loss/policy_entropy": 0.1225535050034523, "Loss/critic_loss": 16.556669235229492, "Loss/valid_loss": 0.38680601119995117, "Loss/clipfrac": 0.0252227783203125, "Grad/grad_norm": 50.4798469543457, "Loss/advantage": 3.06317804454892e-10, "Loss/prop_policy": -0.0010349147487431765, "Loss/prop_en": -0.0001452545402571559, "Loss/prop_v": 0.9782700538635254, "Loss/prop_valid": 0.022910071536898613, "_runtime": 22447.589220046997, "_step": 1933312}