{"_wandb": {"runtime": 67}, "Loss/Im_loss": 1.4767813682556152, "_timestamp": 1741272800.616595, "Grad/Im_grad_norm": Infinity, "_runtime": 64.30612802505493, "_step": 4519}